                  epoch,         train/box_loss,         train/cls_loss,         train/dfl_loss,   metrics/precision(B),      metrics/recall(B),       metrics/mAP50(B),    metrics/mAP50-95(B),           val/box_loss,           val/cls_loss,           val/dfl_loss,                 lr/pg0,                 lr/pg1,                 lr/pg2
                      1,                 2.1539,                 7.7132,                 1.8495,                0.00136,                0.26667,                0.00093,                0.00035,                    nan,                    nan,                    nan,                0.00064,                0.00064,                0.00064
                      2,                 2.6834,                 3.5915,                 2.3355,                0.00136,                0.26667,                0.00093,                0.00035,                    nan,                    nan,                    nan,              0.0012936,              0.0012936,              0.0012936
                      3,                 3.0665,                 3.5298,                 2.6336,                0.00136,                0.26667,                0.00093,                0.00035,                    nan,                    nan,                    nan,              0.0019406,              0.0019406,              0.0019406
                      4,                 2.9938,                  3.316,                  2.561,                0.00015,                0.04444,                0.00012,                  7e-05,                    nan,                    nan,                    nan,              0.0019703,              0.0019703,              0.0019703
                      5,                 2.8727,                 3.1625,                 2.4755,                0.00015,                0.04444,                0.00012,                  7e-05,                      0,                0.00537,                      0,              0.0019604,              0.0019604,              0.0019604
                      6,                 2.7513,                 3.0657,                 2.4936,                 0.0011,                0.02222,                0.00031,                  3e-05,                    nan,                    nan,                    nan,              0.0019505,              0.0019505,              0.0019505
                      7,                 2.7199,                 3.1324,                 2.4681,                0.00167,                    0.2,                0.07844,                0.00994,                    nan,                    nan,                    nan,              0.0019406,              0.0019406,              0.0019406
                      8,                 2.6776,                 3.0534,                 2.4796,                0.02135,                0.04444,                0.00727,                0.00295,                 3.0355,                  8.038,                 3.3023,              0.0019307,              0.0019307,              0.0019307
                      9,                 2.5867,                 2.9948,                 2.3453,                0.00276,                0.77778,                0.05294,                  0.013,                 2.9996,                 4.5013,                  2.646,              0.0019208,              0.0019208,              0.0019208
                     10,                 2.5197,                 2.8593,                 2.3681,                0.02552,                0.17778,                0.02247,                0.00807,                 2.8434,                 15.348,                 2.5725,              0.0019109,              0.0019109,              0.0019109
                     11,                 2.6839,                 3.0109,                 2.3626,                0.04532,                0.48889,                0.07822,                0.02235,                 2.6926,                 3.5299,                 2.4111,               0.001901,               0.001901,               0.001901
                     12,                 2.6056,                 2.8442,                 2.2782,                 0.1113,                0.08889,                0.06837,                0.02795,                 2.8339,                 6.1696,                  2.501,              0.0018911,              0.0018911,              0.0018911
                     13,                 2.5563,                 2.7995,                 2.2769,                0.13297,                0.13983,                0.07962,                0.03426,                 2.6604,                 3.2605,                 2.3295,              0.0018812,              0.0018812,              0.0018812
                     14,                 2.4569,                 2.7428,                 2.1949,                0.20856,                0.11111,                0.10537,                0.03628,                 2.5809,                 3.4641,                 2.2147,              0.0018713,              0.0018713,              0.0018713
                     15,                 2.4902,                 2.6811,                 2.2044,                0.01096,                0.15556,                0.01278,                 0.0041,                 2.8982,                 140.45,                 2.4085,              0.0018614,              0.0018614,              0.0018614
                     16,                 2.4269,                  2.825,                 2.1787,                0.55891,                0.11111,                0.15087,                0.05416,                 2.6723,                 3.8674,                 2.3989,              0.0018515,              0.0018515,              0.0018515
                     17,                 2.4157,                 2.6951,                 2.1589,                0.20897,                0.15271,                0.12815,                0.04987,                 2.4629,                  3.703,                  2.084,              0.0018416,              0.0018416,              0.0018416
                     18,                 2.2635,                 2.6865,                  2.081,                0.26808,                0.15556,                0.14242,                0.05362,                 2.8133,                 4.4954,                 2.2948,              0.0018317,              0.0018317,              0.0018317
                     19,                  2.312,                 2.5522,                 2.1021,                0.26535,                0.08889,                0.14282,                0.05392,                 2.6127,                 3.7889,                 2.2361,              0.0018218,              0.0018218,              0.0018218
                     20,                  2.425,                 2.6102,                 2.1432,                0.08636,                0.22222,                0.08335,                0.03065,                 2.6181,                 3.3177,                 2.2057,              0.0018119,              0.0018119,              0.0018119
                     21,                  2.348,                 2.6932,                 2.1854,                0.17269,                0.10681,                0.11741,                0.04751,                 2.3759,                 3.1041,                 2.0836,               0.001802,               0.001802,               0.001802
                     22,                 2.3474,                 2.5906,                 2.1309,                0.33256,                    0.2,                0.13287,                0.05421,                 2.5534,                 3.4494,                 2.1993,              0.0017921,              0.0017921,              0.0017921
                     23,                 2.3095,                 2.6702,                 2.1554,                0.21168,                    0.4,                0.20585,                0.06649,                 2.8528,                 4.3233,                 2.4707,              0.0017822,              0.0017822,              0.0017822
                     24,                 2.2268,                 2.5143,                 2.0522,                0.11545,                0.22222,                 0.1324,                0.07235,                 2.3616,                 4.6284,                 2.1429,              0.0017723,              0.0017723,              0.0017723
                     25,                 2.2423,                 2.5226,                 2.0843,                0.15613,                0.17778,                0.11133,                0.04862,                 2.5546,                 3.3326,                 2.2272,              0.0017624,              0.0017624,              0.0017624
                     26,                 2.2314,                 2.5008,                 2.0288,                0.24595,                0.26667,                0.20366,                 0.0836,                 2.2961,                  2.806,                 2.0036,              0.0017525,              0.0017525,              0.0017525
                     27,                 2.1413,                 2.3994,                   1.99,                 0.1944,                0.22222,                0.12062,                0.04207,                 2.1437,                  3.011,                 1.9569,              0.0017426,              0.0017426,              0.0017426
                     28,                 2.2108,                 2.4465,                 2.0222,                0.16977,                0.14556,                0.08624,                0.03268,                 2.5351,                 3.0584,                 2.1473,              0.0017327,              0.0017327,              0.0017327
                     29,                 2.1559,                 2.4008,                 1.9992,                 0.3122,                0.33333,                0.23002,                0.08939,                 2.3348,                 3.3746,                  2.104,              0.0017228,              0.0017228,              0.0017228
                     30,                 2.1695,                 2.3964,                 2.0081,                0.11242,                0.22222,                0.11842,                0.04901,                  2.156,                 2.8721,                 1.9923,              0.0017129,              0.0017129,              0.0017129
                     31,                  2.232,                 2.5983,                 2.0393,                0.26624,                0.24195,                0.15594,                0.06784,                   2.43,                  2.988,                 2.0876,               0.001703,               0.001703,               0.001703
                     32,                 2.1639,                 2.4607,                 2.0285,                0.25274,                0.17778,                0.13878,                 0.0557,                 2.5647,                 3.5285,                 2.2829,              0.0016931,              0.0016931,              0.0016931
                     33,                 2.1804,                  2.317,                 1.9579,                0.41377,                0.33333,                0.27108,                0.12994,                 2.2386,                 2.7946,                 1.9597,              0.0016832,              0.0016832,              0.0016832
                     34,                 2.1265,                 2.3857,                  1.964,                0.21669,                0.28889,                0.14731,                0.06137,                 2.4847,                  3.193,                 2.1317,              0.0016733,              0.0016733,              0.0016733
                     35,                 2.1153,                 2.3146,                 1.9323,                0.23878,                0.33461,                0.19875,                0.07853,                 2.2355,                 2.7565,                      2,              0.0016634,              0.0016634,              0.0016634
                     36,                 2.1218,                  2.207,                 1.9258,                0.34276,                0.35556,                0.24049,                0.09809,                 2.2344,                 2.8033,                  2.035,              0.0016535,              0.0016535,              0.0016535
                     37,                 2.1304,                 2.3952,                  1.973,                0.26255,                0.24444,                0.18615,                0.07323,                 2.4149,                 2.8891,                  2.123,              0.0016436,              0.0016436,              0.0016436
                     38,                 2.1175,                 2.3462,                 1.8907,                0.36115,                0.35556,                0.24586,                0.09951,                 2.3777,                 2.8833,                 2.0746,              0.0016337,              0.0016337,              0.0016337
                     39,                 2.1057,                 2.2967,                 1.9867,                0.26025,                0.31111,                 0.1855,                0.06402,                 2.5574,                 2.9604,                 2.3197,              0.0016238,              0.0016238,              0.0016238
                     40,                 2.0421,                 2.2858,                 1.9372,                0.29363,                0.35556,                0.22944,                0.08522,                 2.4702,                 2.9594,                 2.1151,              0.0016139,              0.0016139,              0.0016139
                     41,                 2.0598,                 2.2288,                 1.8968,                0.42208,                0.33333,                0.24651,                0.10341,                 2.2651,                  2.695,                 1.9751,               0.001604,               0.001604,               0.001604
                     42,                 2.0846,                 2.2664,                 1.9294,                0.31943,                0.33377,                0.22329,                0.09202,                 2.5064,                 2.8272,                 2.2469,              0.0015941,              0.0015941,              0.0015941
                     43,                 2.0268,                 2.3106,                 1.9216,                0.37094,                0.35556,                0.24552,                0.09412,                 2.3738,                 3.3095,                 1.9694,              0.0015842,              0.0015842,              0.0015842
                     44,                 1.9772,                 2.1069,                 1.8154,                0.35306,                0.33333,                0.21707,                0.07138,                 2.4552,                 3.0825,                 2.1995,              0.0015743,              0.0015743,              0.0015743
                     45,                 1.9937,                 2.1842,                 1.8819,                0.14223,                0.37778,                0.10506,                0.04025,                 2.6298,                 3.0501,                  2.334,              0.0015644,              0.0015644,              0.0015644
                     46,                 2.0157,                 2.3165,                 1.8314,                0.36256,                0.33333,                 0.2446,                0.08489,                 2.7647,                  3.171,                 2.5639,              0.0015545,              0.0015545,              0.0015545
                     47,                 1.9914,                 2.2831,                 1.9029,                0.20689,                0.24444,                 0.1494,                0.05488,                 2.3624,                 3.0186,                 2.0939,              0.0015446,              0.0015446,              0.0015446
                     48,                 2.0384,                 2.1923,                  1.911,                 0.2757,                0.28889,                0.20015,                 0.0835,                 2.4517,                  2.865,                 2.1422,              0.0015347,              0.0015347,              0.0015347
                     49,                 2.0069,                 2.1491,                 1.8954,                0.37954,                 0.3943,                0.25583,                0.11116,                 2.4591,                 2.6311,                 2.2224,              0.0015248,              0.0015248,              0.0015248
                     50,                 2.0026,                 2.1323,                 1.8636,                0.40207,                0.33333,                0.25749,                0.09127,                 2.5454,                 2.7071,                  2.316,              0.0015149,              0.0015149,              0.0015149
                     51,                 1.9795,                 2.0444,                 1.7952,                0.17658,                0.31111,                0.17045,                0.06278,                 2.3944,                 2.9683,                 2.1344,               0.001505,               0.001505,               0.001505
                     52,                 1.9642,                 2.0152,                 1.8221,                 0.3739,                0.46451,                0.26635,                 0.1108,                 2.2801,                  2.456,                 2.0475,              0.0014951,              0.0014951,              0.0014951
                     53,                 1.9297,                 1.9989,                 1.7928,                0.22089,                    0.2,                0.13102,                0.04747,                 2.3019,                 3.7544,                 2.0131,              0.0014852,              0.0014852,              0.0014852
                     54,                 2.0304,                 2.1384,                 1.9059,                0.34987,                0.35556,                0.26937,                0.11203,                 2.2711,                  2.483,                 2.0577,              0.0014753,              0.0014753,              0.0014753
                     55,                 1.9648,                 2.0465,                 1.8211,                0.40223,                0.46667,                0.28562,                0.12522,                 2.2208,                  2.594,                 2.0094,              0.0014654,              0.0014654,              0.0014654
                     56,                 1.9778,                 2.0785,                 1.8626,                0.34505,                0.26934,                0.22823,                0.09798,                 2.4692,                 3.1104,                 2.2209,              0.0014555,              0.0014555,              0.0014555
                     57,                 1.9424,                 2.0112,                 1.7962,                0.49043,                    0.4,                0.35231,                0.13478,                 2.2317,                 2.9663,                 1.9756,              0.0014456,              0.0014456,              0.0014456
                     58,                 1.9625,                 2.0315,                 1.8335,                0.07386,                0.15556,                0.06476,                0.02779,                 2.3718,                 3.1066,                  2.134,              0.0014357,              0.0014357,              0.0014357
                     59,                  1.983,                 2.0186,                 1.8288,                0.28781,                    0.4,                 0.2181,                0.09504,                 2.4146,                 2.6756,                 2.2014,              0.0014258,              0.0014258,              0.0014258
                     60,                 1.9573,                   2.02,                 1.8336,                0.32004,                0.37778,                0.24786,                0.10033,                 2.3557,                 2.8774,                 2.1064,              0.0014159,              0.0014159,              0.0014159
                     61,                 1.9591,                 1.9762,                    1.8,                0.40266,                0.44444,                0.30184,                 0.1284,                 2.3415,                 2.9322,                 2.1267,               0.001406,               0.001406,               0.001406
                     62,                 1.8948,                 1.9992,                 1.7732,                0.37988,                0.44444,                0.25647,                0.09686,                 2.4679,                 2.7574,                 2.2702,              0.0013961,              0.0013961,              0.0013961
                     63,                 1.8756,                 1.9862,                 1.8286,                0.32392,                0.51111,                0.28779,                0.11817,                 2.2413,                 2.7616,                 2.0429,              0.0013862,              0.0013862,              0.0013862
                     64,                 1.8778,                 2.0132,                 1.7966,                0.38605,                0.37778,                0.28186,                0.09675,                 2.3337,                 2.8866,                 2.0853,              0.0013763,              0.0013763,              0.0013763
                     65,                 1.9717,                 2.1209,                 1.9055,                0.42125,                0.42057,                 0.2759,                0.11945,                 2.2515,                 2.5579,                 1.9647,              0.0013664,              0.0013664,              0.0013664
                     66,                  1.843,                 2.0068,                 1.7755,                0.36432,                0.33333,                0.26748,                0.11452,                 2.2103,                  2.463,                 2.0555,              0.0013565,              0.0013565,              0.0013565
                     67,                 1.8533,                 1.9468,                 1.7582,                0.29682,                0.37778,                0.27523,                0.10974,                 2.3721,                 3.0016,                   2.26,              0.0013466,              0.0013466,              0.0013466
                     68,                 1.9166,                 2.0295,                 1.7681,                0.44086,                0.35556,                0.31085,                0.13504,                 2.2481,                 2.3823,                 2.1785,              0.0013367,              0.0013367,              0.0013367
                     69,                 1.8834,                 2.0187,                 1.7861,                 0.3214,                0.48889,                0.29717,                0.14148,                 2.1406,                 3.4947,                 2.0433,              0.0013268,              0.0013268,              0.0013268
                     70,                  1.863,                  2.173,                 1.7584,                0.49503,                0.42222,                0.37505,                0.16462,                  2.167,                 2.6278,                 1.9842,              0.0013169,              0.0013169,              0.0013169
                     71,                  1.963,                 2.0589,                 1.8343,                0.50881,                0.44444,                0.41115,                0.17293,                   2.27,                 2.4645,                 1.9945,               0.001307,               0.001307,               0.001307
                     72,                 1.8514,                 1.9382,                 1.7016,                0.42781,                0.37778,                0.29528,                0.14128,                 2.1917,                 2.7514,                 2.0615,              0.0012971,              0.0012971,              0.0012971
                     73,                 1.7208,                 1.9303,                 1.6709,                0.40426,                0.35556,                0.33267,                0.13038,                 2.1372,                 2.6224,                 2.0343,              0.0012872,              0.0012872,              0.0012872
                     74,                 1.8442,                 1.8862,                  1.734,                0.49319,                0.41102,                 0.3333,                0.11724,                 2.3114,                 2.9398,                 2.1662,              0.0012773,              0.0012773,              0.0012773
                     75,                 1.8436,                 1.9761,                 1.7752,                0.39137,                0.30024,                0.28844,                0.13268,                 2.2197,                 2.6752,                 2.0718,              0.0012674,              0.0012674,              0.0012674
                     76,                 1.8734,                 1.8576,                 1.7592,                0.41799,                0.42222,                0.37727,                0.16046,                 2.1402,                 2.2769,                  2.073,              0.0012575,              0.0012575,              0.0012575
                     77,                  1.872,                 1.8888,                 1.7566,                0.44346,                0.44444,                0.39058,                0.17207,                 2.4467,                 2.6015,                 2.1753,              0.0012476,              0.0012476,              0.0012476
                     78,                 1.7849,                 2.2523,                 1.6872,                0.35868,                0.31111,                0.25743,                0.11781,                 2.2244,                 2.7263,                 2.0671,              0.0012377,              0.0012377,              0.0012377
                     79,                 1.9127,                 2.0812,                 1.8365,                0.57787,                0.48889,                0.35116,                0.14043,                 2.0945,                  2.367,                 1.9325,              0.0012278,              0.0012278,              0.0012278
                     80,                 1.7945,                  1.923,                 1.7564,                0.44869,                0.45225,                0.35914,                0.15755,                  2.374,                 2.7411,                 2.1599,              0.0012179,              0.0012179,              0.0012179
                     81,                 1.8418,                 1.9303,                 1.7336,                0.40824,                0.42222,                0.30832,                0.12393,                 2.4487,                 2.8116,                 2.2085,               0.001208,               0.001208,               0.001208
                     82,                 1.8143,                 1.8954,                  1.708,                0.39936,                0.41383,                0.34755,                0.14381,                 2.4639,                  2.778,                 2.2893,              0.0011981,              0.0011981,              0.0011981
                     83,                 1.7756,                  1.854,                 1.7105,                0.40215,                0.48889,                0.34978,                0.14204,                 2.3893,                 2.6579,                 2.2144,              0.0011882,              0.0011882,              0.0011882
                     84,                 1.7796,                 1.8273,                   1.69,                0.43191,                0.42222,                0.34202,                0.15444,                 2.0938,                  2.457,                 1.9696,              0.0011783,              0.0011783,              0.0011783
                     85,                 1.7861,                 1.8294,                  1.708,                0.40888,                 0.4766,                0.37831,                0.15391,                 2.1478,                 2.4092,                 1.9838,              0.0011684,              0.0011684,              0.0011684
                     86,                 1.8139,                  1.837,                 1.7616,                0.47252,                0.48889,                0.36952,                0.14426,                 2.3048,                 2.7221,                 2.0987,              0.0011585,              0.0011585,              0.0011585
                     87,                 1.8155,                 1.8687,                 1.7563,                0.36751,                0.42222,                0.31176,                0.11448,                 2.3618,                 2.8072,                 2.1603,              0.0011486,              0.0011486,              0.0011486
                     88,                 1.7874,                 1.8605,                 1.6981,                0.38985,                0.52543,                0.33006,                0.13289,                 2.3431,                 2.5506,                 2.0723,              0.0011387,              0.0011387,              0.0011387
                     89,                 1.7769,                 1.8263,                 1.7087,                0.40038,                0.46667,                0.29139,                 0.1394,                 2.3714,                 2.5161,                 2.1573,              0.0011288,              0.0011288,              0.0011288
                     90,                   1.65,                  1.736,                 1.6414,                0.47241,                0.46667,                0.33214,                0.13642,                 2.3576,                 2.7311,                 2.1342,              0.0011189,              0.0011189,              0.0011189
                     91,                 1.7412,                    1.7,                  1.691,                0.50594,                0.56901,                   0.43,                0.16103,                 2.4857,                 2.7633,                 2.3273,               0.001109,               0.001109,               0.001109
                     92,                 1.7855,                 1.7223,                 1.6516,                0.55344,                0.44444,                0.44574,                0.16473,                 2.4241,                 2.6372,                 2.3378,              0.0010991,              0.0010991,              0.0010991
                     93,                 1.7873,                 1.7905,                 1.6636,                 0.5355,                0.37778,                0.35224,                0.13208,                 2.3935,                 2.9006,                 2.2473,              0.0010892,              0.0010892,              0.0010892
                     94,                 1.7434,                 1.7052,                 1.6641,                0.45833,                0.42222,                0.38129,                0.15057,                 2.1387,                 2.5909,                 1.9838,              0.0010793,              0.0010793,              0.0010793
                     95,                 1.6847,                 1.6722,                 1.6242,                0.46786,                0.48889,                0.33916,                0.12981,                 2.3336,                 3.1588,                  2.177,              0.0010694,              0.0010694,              0.0010694
                     96,                 1.6829,                 1.7644,                 1.6732,                0.33345,                0.48889,                0.29723,                0.12616,                 2.3675,                 2.7168,                 2.2243,              0.0010595,              0.0010595,              0.0010595
                     97,                 1.7073,                 1.6243,                 1.6041,                 0.4925,                0.42222,                0.38536,                0.15342,                 2.4846,                 2.7153,                 2.3234,              0.0010496,              0.0010496,              0.0010496
                     98,                  1.719,                  1.707,                 1.6423,                0.42089,                0.48889,                0.34633,                0.16275,                 2.3781,                 2.4962,                 2.1741,              0.0010397,              0.0010397,              0.0010397
                     99,                 1.7474,                 1.8195,                 1.6835,                0.48624,                0.42222,                0.31948,                0.13231,                  2.379,                 2.8048,                 2.2868,              0.0010298,              0.0010298,              0.0010298
                    100,                 1.6958,                 1.6166,                 1.6239,                0.42156,                0.44444,                0.37194,                0.15102,                  2.243,                 2.6267,                 2.0716,              0.0010199,              0.0010199,              0.0010199
                    101,                  1.675,                  1.625,                 1.6169,                0.56159,                0.44444,                0.39303,                0.15965,                 2.2162,                 2.6157,                  2.072,                0.00101,                0.00101,                0.00101
                    102,                 1.6919,                 1.6163,                 1.5981,                0.52371,                0.43992,                0.34845,                0.15848,                 2.3658,                 2.7843,                 2.1916,              0.0010001,              0.0010001,              0.0010001
                    103,                 1.6321,                 1.7512,                 1.6662,                  0.593,                0.37778,                0.38625,                0.16509,                 2.2202,                 2.3884,                  2.088,              0.0009902,              0.0009902,              0.0009902
                    104,                 1.7355,                 1.8015,                 1.7486,                0.40711,                    0.4,                0.30581,                0.13009,                 2.3127,                 2.5719,                 2.2043,              0.0009803,              0.0009803,              0.0009803
                    105,                 1.6917,                 1.7062,                 1.6471,                0.50363,                    0.4,                0.35604,                0.15332,                  2.469,                 2.5699,                 2.2602,              0.0009704,              0.0009704,              0.0009704
                    106,                 1.7051,                 1.7045,                 1.6687,                0.62245,                0.42222,                0.41495,                0.17184,                 2.3125,                 2.4265,                 2.1784,              0.0009605,              0.0009605,              0.0009605
                    107,                 1.7234,                 1.6206,                 1.6374,                0.54789,                0.46667,                0.43167,                 0.1896,                 2.2812,                 2.1928,                 2.2815,              0.0009506,              0.0009506,              0.0009506
                    108,                 1.6599,                 1.6553,                 1.6546,                0.52556,                0.41857,                0.40799,                0.19302,                 2.1245,                 2.3558,                 2.0068,              0.0009407,              0.0009407,              0.0009407
                    109,                 1.6362,                 1.6018,                 1.5847,                0.46651,                0.36936,                0.34701,                  0.147,                 2.5127,                  2.765,                 2.3759,              0.0009308,              0.0009308,              0.0009308
                    110,                 1.6896,                 1.6359,                 1.6729,                0.52876,                0.51111,                0.44197,                0.20285,                 1.9074,                 2.0698,                 1.9259,              0.0009209,              0.0009209,              0.0009209
                    111,                 1.6516,                 1.5812,                  1.609,                0.50045,                0.44444,                0.34828,                 0.1566,                  2.008,                 2.3165,                 1.9028,               0.000911,               0.000911,               0.000911
                    112,                  1.626,                  1.556,                 1.5901,                0.47407,                0.48086,                0.34338,                0.15363,                 2.0312,                 2.3393,                 1.9029,              0.0009011,              0.0009011,              0.0009011
                    113,                 1.6859,                 1.6852,                 1.6299,                0.45501,                0.44444,                0.39534,                0.17842,                 2.1704,                 2.3303,                    2.1,              0.0008912,              0.0008912,              0.0008912
                    114,                 1.6747,                 1.6543,                 1.6314,                0.47934,                0.47061,                0.39855,                 0.1891,                 2.2135,                 2.2217,                 2.1723,              0.0008813,              0.0008813,              0.0008813
                    115,                 1.5812,                 1.5378,                 1.5718,                0.54264,                0.35556,                0.32988,                 0.1602,                 2.1371,                 2.6921,                 2.1041,              0.0008714,              0.0008714,              0.0008714
                    116,                 1.5701,                 1.5034,                 1.5594,                0.43937,                0.55556,                0.41324,                0.18466,                 2.1832,                  2.532,                 2.1432,              0.0008615,              0.0008615,              0.0008615
                    117,                 1.7096,                  1.606,                  1.635,                0.54024,                0.44444,                0.42841,                0.19616,                 2.3138,                 2.6728,                 2.1111,              0.0008516,              0.0008516,              0.0008516
                    118,                 1.6166,                 1.5464,                 1.5132,                 0.5866,                    0.4,                 0.3823,                0.16717,                 2.2252,                 2.6132,                 2.1544,              0.0008417,              0.0008417,              0.0008417
                    119,                 1.5729,                 1.5194,                 1.5683,                0.52637,                0.48889,                0.42902,                0.20323,                 2.2029,                 2.4087,                 2.1211,              0.0008318,              0.0008318,              0.0008318
                    120,                 1.6015,                 1.5311,                 1.5664,                0.62269,                0.51111,                0.43965,                0.19262,                 2.1066,                 2.4333,                 1.9701,              0.0008219,              0.0008219,              0.0008219
                    121,                  1.677,                 1.6106,                 1.6272,                0.49483,                0.56605,                0.36789,                0.15209,                  2.246,                 2.6285,                 2.1285,               0.000812,               0.000812,               0.000812
                    122,                 1.5995,                 1.5675,                 1.5712,                0.52993,                0.50117,                0.40362,                0.17825,                 2.1598,                 2.4657,                  2.049,              0.0008021,              0.0008021,              0.0008021
                    123,                  1.651,                 1.6447,                 1.6035,                0.57703,                0.51111,                 0.4665,                0.19966,                 2.2906,                 2.5234,                 2.1305,              0.0007922,              0.0007922,              0.0007922
                    124,                 1.5353,                 1.6474,                 1.5165,                0.48726,                0.55556,                0.40252,                0.18479,                 2.1985,                   2.51,                 2.1419,              0.0007823,              0.0007823,              0.0007823
                    125,                 1.6164,                 1.6747,                  1.683,                0.46007,                0.44444,                0.36773,                0.16522,                 2.2648,                 2.8946,                 2.1463,              0.0007724,              0.0007724,              0.0007724
                    126,                 1.6072,                 1.5301,                 1.5477,                0.52903,                0.48889,                0.39636,                 0.1662,                 2.3101,                 2.7429,                 2.1422,              0.0007625,              0.0007625,              0.0007625
                    127,                 1.5919,                 1.5091,                 1.5919,                0.51543,                0.46667,                0.40499,                0.17996,                 2.1339,                 2.6082,                 2.0239,              0.0007526,              0.0007526,              0.0007526
                    128,                 1.5696,                  1.583,                 1.5714,                0.48305,                0.53999,                 0.3916,                0.16379,                 2.2125,                 2.6457,                 2.0558,              0.0007427,              0.0007427,              0.0007427
                    129,                 1.5653,                 1.4463,                 1.5364,                0.47266,                0.51111,                0.34623,                 0.1628,                 2.1915,                 2.6891,                 2.0384,              0.0007328,              0.0007328,              0.0007328
                    130,                 1.5698,                 1.4028,                 1.5436,                0.51908,                0.47985,                 0.3787,                0.17195,                 2.0775,                 2.6875,                 2.0593,              0.0007229,              0.0007229,              0.0007229
                    131,                 1.5438,                 1.3955,                 1.5221,                0.54154,                0.63008,                0.44536,                0.18179,                 2.1569,                 2.4648,                 2.2256,               0.000713,               0.000713,               0.000713
                    132,                 1.5318,                 1.4486,                 1.5714,                0.57489,                 0.5711,                0.43577,                0.17079,                 2.2484,                  2.439,                 2.2752,              0.0007031,              0.0007031,              0.0007031
                    133,                 1.5374,                 1.4655,                 1.5119,                0.65757,                0.53333,                0.48604,                0.19447,                 2.1396,                 2.4415,                 2.0697,              0.0006932,              0.0006932,              0.0006932
                    134,                 1.5611,                 1.5099,                 1.5427,                0.44954,                0.51111,                0.41823,                0.19266,                 2.2402,                 2.5285,                 2.0983,              0.0006833,              0.0006833,              0.0006833
                    135,                 1.5305,                 1.4499,                 1.5284,                0.55661,                0.37778,                0.39214,                0.18931,                 2.3011,                  2.877,                 2.1666,              0.0006734,              0.0006734,              0.0006734
                    136,                 1.5134,                 1.3981,                  1.512,                0.54562,                0.46667,                0.41944,                0.19616,                 2.0992,                 2.6641,                 2.0386,              0.0006635,              0.0006635,              0.0006635
                    137,                 1.5745,                 1.4038,                 1.4858,                 0.5336,                0.53333,                0.46745,                0.20223,                 2.2356,                 2.4952,                  2.106,              0.0006536,              0.0006536,              0.0006536
                    138,                 1.5093,                 1.4063,                 1.4976,                0.53127,                 0.4535,                 0.4466,                0.18807,                 2.1286,                 2.6392,                 2.0457,              0.0006437,              0.0006437,              0.0006437
                    139,                 1.4747,                 1.3759,                 1.4743,                0.52474,                0.51111,                0.42619,                0.18997,                 2.0942,                 2.4545,                 2.0433,              0.0006338,              0.0006338,              0.0006338
                    140,                 1.5434,                 1.4894,                 1.5667,                0.53964,                0.42222,                0.36946,                0.19618,                 2.1027,                 2.5015,                 2.0494,              0.0006239,              0.0006239,              0.0006239
                    141,                 1.4442,                 1.4101,                 1.4909,                0.48451,                0.53333,                0.38651,                0.16769,                 2.1019,                 2.6874,                 2.0582,               0.000614,               0.000614,               0.000614
                    142,                  1.443,                 1.3002,                  1.424,                0.50061,                0.55693,                0.45694,                0.19728,                  1.999,                 2.5458,                 1.9607,              0.0006041,              0.0006041,              0.0006041
                    143,                 1.4126,                 1.3082,                  1.449,                0.58537,                0.51111,                0.45134,                0.18658,                 2.1001,                 2.5236,                 1.9807,              0.0005942,              0.0005942,              0.0005942
                    144,                  1.454,                 1.3635,                 1.4931,                0.58491,                0.55556,                0.45907,                0.19759,                 2.2894,                  2.478,                 2.1235,              0.0005843,              0.0005843,              0.0005843
                    145,                 1.5131,                 1.4302,                 1.4814,                0.47487,                0.54268,                0.46392,                  0.202,                 2.2333,                 2.4811,                 2.1062,              0.0005744,              0.0005744,              0.0005744
                    146,                 1.4612,                 1.3006,                 1.4452,                 0.5077,                0.46667,                0.44388,                0.19991,                 2.2548,                 2.6902,                 2.1878,              0.0005645,              0.0005645,              0.0005645
                    147,                 1.4678,                 1.3196,                 1.4721,                 0.5663,                0.51111,                0.40312,                0.20764,                 2.3812,                 2.5229,                 2.1816,              0.0005546,              0.0005546,              0.0005546
                    148,                 1.4622,                 1.3393,                 1.4614,                0.54211,                0.53333,                 0.4016,                0.17843,                  2.318,                  2.513,                 2.1868,              0.0005447,              0.0005447,              0.0005447
                    149,                 1.5001,                 1.3361,                 1.4947,                0.55471,                0.55556,                0.43276,                0.19802,                 2.4187,                 2.6434,                 2.2734,              0.0005348,              0.0005348,              0.0005348
                    150,                 1.3972,                 1.2587,                 1.4279,                0.60569,                0.61455,                0.46703,                0.19477,                 2.2781,                 2.5075,                 2.1693,              0.0005249,              0.0005249,              0.0005249
                    151,                 1.4366,                  1.306,                 1.4366,                0.53856,                0.46686,                0.42053,                0.18233,                 2.2927,                 2.5846,                 2.2938,               0.000515,               0.000515,               0.000515
                    152,                 1.4354,                 1.2687,                 1.4613,                0.50434,                0.56539,                0.43855,                0.19552,                  2.286,                 2.6299,                 2.3352,              0.0005051,              0.0005051,              0.0005051
                    153,                 1.4268,                 1.2865,                 1.5014,                0.62061,                0.55556,                0.48266,                0.19545,                 2.3249,                 2.5329,                  2.393,              0.0004952,              0.0004952,              0.0004952
                    154,                 1.4316,                 1.3047,                 1.4953,                0.67761,                0.51111,                0.48781,                0.20493,                 2.2514,                 2.5581,                 2.2121,              0.0004853,              0.0004853,              0.0004853
                    155,                 1.3553,                 1.2448,                  1.446,                0.58924,                0.55556,                0.43708,                0.20601,                 2.2544,                 2.6677,                 2.2534,              0.0004754,              0.0004754,              0.0004754
                    156,                 1.4672,                  1.394,                 1.4543,                0.59246,                0.44444,                0.44161,                0.19455,                 2.2483,                 2.6379,                 2.1319,              0.0004655,              0.0004655,              0.0004655
                    157,                 1.3822,                  1.267,                 1.4526,                0.58021,                0.48889,                0.45117,                0.19032,                 2.2854,                 2.4186,                 2.0851,              0.0004556,              0.0004556,              0.0004556
                    158,                 1.4166,                 1.2571,                  1.448,                0.59853,                 0.4971,                0.45884,                0.19298,                 2.3084,                 2.5865,                 2.1518,              0.0004457,              0.0004457,              0.0004457
                    159,                 1.4514,                 1.3423,                 1.5207,                0.61722,                0.48889,                0.48531,                0.20432,                 2.2161,                 2.6932,                 2.0607,              0.0004358,              0.0004358,              0.0004358
                    160,                 1.3716,                 1.2319,                 1.4205,                0.51607,                0.59255,                0.45954,                0.20601,                 2.1256,                 2.5831,                 2.0359,              0.0004259,              0.0004259,              0.0004259
                    161,                 1.3755,                 1.2902,                 1.4364,                0.62044,                 0.5086,                0.45524,                0.20506,                 2.2758,                 2.5868,                 2.2692,               0.000416,               0.000416,               0.000416
                    162,                 1.4447,                 1.3389,                 1.5337,                0.60516,                0.51089,                0.45505,                0.19613,                 2.2205,                 2.8033,                 2.2134,              0.0004061,              0.0004061,              0.0004061
                    163,                 1.4273,                 1.2925,                 1.4558,                0.58416,                    0.6,                0.49079,                0.19988,                 2.3868,                 2.8284,                 2.3021,              0.0003962,              0.0003962,              0.0003962
                    164,                 1.3384,                 1.2157,                 1.3975,                0.50239,                0.57778,                0.50418,                0.21794,                 2.1093,                 2.9424,                 2.0711,              0.0003863,              0.0003863,              0.0003863
                    165,                  1.345,                 1.1976,                 1.3992,                0.58965,                0.55556,                0.50393,                 0.2266,                 2.1445,                 2.5913,                 2.0866,              0.0003764,              0.0003764,              0.0003764
                    166,                 1.3747,                 1.2362,                 1.4249,                0.52567,                0.59116,                0.46395,                0.21145,                 2.2422,                 2.6826,                 2.1714,              0.0003665,              0.0003665,              0.0003665
                    167,                 1.3557,                 1.2044,                 1.3759,                0.51559,                0.62222,                 0.5136,                0.21881,                  2.133,                 2.7089,                 2.0851,              0.0003566,              0.0003566,              0.0003566
                    168,                 1.3191,                 1.1971,                 1.4091,                0.57818,                0.55556,                0.51959,                0.21776,                 2.1339,                 2.6192,                 2.0234,              0.0003467,              0.0003467,              0.0003467
                    169,                 1.3167,                 1.1842,                 1.3838,                0.63613,                0.53333,                0.50202,                0.23301,                 2.1635,                 2.6125,                 2.1021,              0.0003368,              0.0003368,              0.0003368
                    170,                 1.3442,                 1.1931,                 1.4159,                0.61831,                0.51111,                0.48702,                0.23112,                 2.2845,                  2.735,                 2.2728,              0.0003269,              0.0003269,              0.0003269
                    171,                   1.33,                   1.21,                 1.4249,                0.52873,                0.57349,                0.45439,                0.21277,                 2.2127,                 2.7071,                 2.2538,               0.000317,               0.000317,               0.000317
                    172,                 1.2972,                 1.2122,                 1.4097,                0.51339,                0.53933,                0.43136,                0.19624,                 2.2545,                 2.6434,                 2.2929,              0.0003071,              0.0003071,              0.0003071
                    173,                  1.397,                 1.2793,                 1.4898,                0.49603,                0.51111,                0.42673,                0.20489,                 2.2635,                   2.79,                 2.3286,              0.0002972,              0.0002972,              0.0002972
                    174,                 1.3445,                 1.1635,                 1.3761,                0.60082,                0.56872,                0.51606,                0.22771,                 2.1373,                 2.7546,                 2.1748,              0.0002873,              0.0002873,              0.0002873
                    175,                 1.3069,                 1.2014,                 1.4065,                0.62152,                0.53333,                0.51297,                0.23795,                    2.1,                 2.6728,                 2.0933,              0.0002774,              0.0002774,              0.0002774
                    176,                 1.3356,                 1.1721,                 1.3726,                0.58119,                0.51111,                0.48479,                0.24066,                 2.1756,                 2.9213,                 2.1339,              0.0002675,              0.0002675,              0.0002675
                    177,                 1.3466,                  1.201,                 1.4163,                0.61759,                0.51111,                0.48543,                0.22901,                 2.2683,                 2.8807,                 2.1756,              0.0002576,              0.0002576,              0.0002576
                    178,                 1.2637,                 1.1443,                  1.372,                0.58808,                    0.6,                0.50192,                0.24144,                 2.2737,                 2.8216,                 2.2002,              0.0002477,              0.0002477,              0.0002477
                    179,                 1.3217,                 1.1464,                 1.3897,                0.62435,                0.57778,                0.50309,                0.21899,                 2.1281,                 2.7866,                 2.1149,              0.0002378,              0.0002378,              0.0002378
                    180,                 1.3025,                 1.1778,                 1.3985,                0.60112,                0.53333,                0.47389,                0.21246,                  2.145,                  2.819,                 2.0814,              0.0002279,              0.0002279,              0.0002279
                    181,                 1.3022,                  1.121,                 1.3796,                 0.6441,                0.48889,                0.48404,                0.22346,                 2.2234,                  2.834,                 2.1496,               0.000218,               0.000218,               0.000218
                    182,                 1.2896,                 1.0616,                 1.3703,                0.68835,                0.51111,                0.50995,                0.23055,                 2.2233,                 2.6699,                 2.1378,              0.0002081,              0.0002081,              0.0002081
                    183,                 1.2767,                 1.0445,                 1.3559,                 0.5686,                0.62222,                0.52082,                0.22938,                 2.2158,                 2.5192,                 2.1477,              0.0001982,              0.0001982,              0.0001982
                    184,                 1.3371,                 1.2104,                 1.4199,                0.59184,                0.58004,                0.51942,                0.22235,                 2.1894,                 2.5535,                 2.1525,              0.0001883,              0.0001883,              0.0001883
                    185,                 1.2882,                 1.0877,                 1.4031,                0.67662,                0.51111,                 0.5051,                0.23181,                 2.1977,                 2.6396,                 2.1629,              0.0001784,              0.0001784,              0.0001784
                    186,                 1.2614,                 1.1124,                 1.3229,                0.65394,                0.53333,                0.51789,                0.23618,                 2.2058,                 2.6817,                 2.1585,              0.0001685,              0.0001685,              0.0001685
                    187,                 1.2315,                 1.0624,                   1.33,                0.68875,                0.53333,                0.52128,                0.24444,                 2.2326,                 2.6256,                   2.17,              0.0001586,              0.0001586,              0.0001586
                    188,                 1.2972,                 1.1549,                 1.4076,                0.68253,                0.55556,                0.52602,                 0.2388,                 2.2336,                 2.5583,                 2.2263,              0.0001487,              0.0001487,              0.0001487
                    189,                 1.2752,                 1.1012,                 1.3955,                0.58032,                    0.6,                0.52078,                0.23138,                 2.2193,                 2.6262,                 2.1321,              0.0001388,              0.0001388,              0.0001388
                    190,                 1.2054,                0.99387,                 1.3082,                0.57648,                0.57778,                0.52051,                0.23296,                 2.2573,                 2.7238,                 2.1776,              0.0001289,              0.0001289,              0.0001289
                    191,                 1.2236,                 1.0877,                 1.3471,                0.71968,                0.48889,                0.51071,                0.22589,                 2.2705,                 2.7991,                   2.19,               0.000119,               0.000119,               0.000119
                    192,                 1.2069,                 1.0873,                 1.3382,                 0.7291,                0.48889,                0.50866,                0.23029,                 2.2797,                 2.7724,                 2.2236,              0.0001091,              0.0001091,              0.0001091
                    193,                 1.1806,                 1.1312,                 1.3357,                0.54734,                0.53333,                0.49313,                0.22807,                 2.2896,                 2.7477,                 2.2331,               9.92e-05,               9.92e-05,               9.92e-05
                    194,                 1.1799,                 1.0168,                  1.318,                0.57614,                0.55556,                0.49574,                 0.2275,                  2.342,                 2.6899,                 2.3088,               8.93e-05,               8.93e-05,               8.93e-05
                    195,                 1.2173,                 1.0467,                 1.3624,                0.57511,                 0.6016,                0.51393,                0.22815,                  2.266,                 2.6597,                 2.1362,               7.94e-05,               7.94e-05,               7.94e-05
                    196,                 1.1833,                 1.0567,                 1.3628,                0.56812,                    0.6,                0.52254,                0.23452,                  2.263,                 2.6765,                 2.1089,               6.95e-05,               6.95e-05,               6.95e-05
                    197,                 1.0961,                0.92622,                 1.2334,                0.56739,                0.53333,                0.50904,                0.22646,                 2.3113,                 2.7483,                 2.1675,               5.96e-05,               5.96e-05,               5.96e-05
                    198,                 1.1239,                 1.0296,                 1.2387,                0.56198,                0.57778,                 0.5071,                0.21717,                 2.2988,                  2.825,                 2.1792,               4.97e-05,               4.97e-05,               4.97e-05
                    199,                 1.1505,                 0.9339,                 1.2897,                0.56981,                0.62222,                0.50561,                0.21668,                 2.3191,                 2.8806,                 2.1898,               3.98e-05,               3.98e-05,               3.98e-05
                    200,                 1.0699,                0.90904,                 1.2538,                0.58562,                0.62222,                0.51329,                0.21808,                 2.3208,                 2.8465,                  2.223,               2.99e-05,               2.99e-05,               2.99e-05
